id;code_agence;telephone;nom;prenom;sexe;titre;piece;reference;autorite_delivre;type_client
1;smack;+33 510115328;smack;tant;ouin détourner tant que;spécialiste à condition que;maintenant espiègle;juriste splendide collègue;pauvre derrière parfois;pendant manier
2;électorat attendrir;+33 132728295;laver à condition que à la faveur de;gestionnaire hors à cause de;sauf à entrer apte;tandis que d'entre simple;gravir progresser;plaindre à l'encontre de charitable;ronron;en decà de fourbe accentuer
3;gratis peut-être;+33 477591952;chef de cuisine;euh dévoiler hôte;soit;commis de cuisine clientèle lors;proche de splendide à défaut de ;repousser espiègle;découper;pourpre sécher vu que
4;adversaire;0433607105;depuis aimable;patientèle;tant que personnel circulaire;rapide sur;grâce à pourvu que;de par innombrable;redescendre;équipe de recherche vouh population du Québec
5;vraisemblablement arrêter hors;+33 522865863;pourvoir;enfin ouille large;maintenant au-dedans de;vraisemblablement;candide quoique;touchant;comme personnel professionnel;repartir avant
6;smack présidence;+33 242838703;à cause de;glouglou;si avant que remplacer;paf dedans;lentement guide ouah;euh;présidence;faciliter après
7;biathlète partout clientèle;0133482565;vraiment;fixer en dépit de;lorsque;avant que;actionnaire;tant;groin groin hi hormis;miaou si bien que personnel professionnel
8;population du Québec;0521080066;ferme en guise de;mature;de peur que guère;outre hirsute de crainte que;de façon à puisque;insuffisamment pour que à condition que;aussi;administration membre titulaire proche de
9;insolite;+33 475291063;du fait que triompher concurrence;lécher méconnaître quand;diplomate sitôt que;de la part de gens premièrement;discerner;quelque repasser;ci;feindre
10;plic solitaire avant que;0575236766;ressembler;diététiste;triste ramper;quoique diplomate;orange;chut terne;ah dès que présidence;smack en outre de
